{"cameraMode":{"drawMode":0,"name":"Shaded","section":"Shading Mode"},"sceneLighting":false,"audioPlay":false,"sceneViewState":{"m_AlwaysRefresh":false,"showFog":true,"showSkybox":false,"showFlares":true,"showImageEffects":true,"showParticleSystems":true,"showVisualEffectGraphs":true,"m_FxEnabled":true},"in2DMode":false,"pivot":{"x":2.5999999046325685,"y":2.5899999141693117,"z":-0.7999999523162842},"rotation":{"x":-0.02347470074892044,"y":0.8481616973876953,"z":-0.03766718879342079,"w":-0.5279124975204468},"size":0.5196152329444885,"orthographic":false}