{"cameraMode":{"drawMode":0,"name":"Shaded","section":"Shading Mode"},"sceneLighting":false,"audioPlay":false,"sceneViewState":{"m_AlwaysRefresh":false,"showFog":true,"showSkybox":false,"showFlares":true,"showImageEffects":true,"showParticleSystems":true,"showVisualEffectGraphs":true,"m_FxEnabled":true},"in2DMode":false,"pivot":{"x":0.002335846424102783,"y":-0.00926142930984497,"z":-0.007962971925735474},"rotation":{"x":-0.41626647114753725,"y":0.5683843493461609,"z":-0.40689074993133547,"w":-0.5814839601516724},"size":0.6757009029388428,"orthographic":true}