{"cameraMode":{"drawMode":0,"name":"Shaded","section":"Shading Mode"},"sceneLighting":true,"audioPlay":false,"sceneViewState":{"m_AlwaysRefresh":false,"showFog":true,"showSkybox":true,"showFlares":true,"showImageEffects":true,"showParticleSystems":true,"showVisualEffectGraphs":true,"m_FxEnabled":true},"in2DMode":false,"pivot":{"x":3.649407386779785,"y":-4.963747501373291,"z":6.960967063903809},"rotation":{"x":0.4567088782787323,"y":0.00800332985818386,"z":-0.004106811247766018,"w":0.8895776867866516},"size":22.907766342163087,"orthographic":false}