{"cameraMode":{"drawMode":0,"name":"Shaded","section":"Shading Mode"},"sceneLighting":false,"audioPlay":false,"sceneViewState":{"m_AlwaysRefresh":false,"showFog":true,"showSkybox":false,"showFlares":true,"showImageEffects":true,"showParticleSystems":true,"showVisualEffectGraphs":true,"m_FxEnabled":true},"in2DMode":false,"pivot":{"x":13.011702537536621,"y":1.9122490882873536,"z":-16.307649612426759},"rotation":{"x":0.35844728350639346,"y":0.12132863700389862,"z":-0.0470450334250927,"w":0.9244384169578552},"size":1.873656988143921,"orthographic":true}