{"cameraMode":{"drawMode":0,"name":"Shaded","section":"Shading Mode"},"sceneLighting":false,"audioPlay":false,"sceneViewState":{"m_AlwaysRefresh":false,"showFog":true,"showSkybox":false,"showFlares":true,"showImageEffects":true,"showParticleSystems":true,"showVisualEffectGraphs":true,"m_FxEnabled":true},"in2DMode":false,"pivot":{"x":-0.015228234231472016,"y":0.19006985425949098,"z":0.9528501033782959},"rotation":{"x":0.3540733754634857,"y":-0.5038400888442993,"z":0.23742204904556275,"w":0.7512954473495483},"size":0.17320509254932404,"orthographic":true}